BUSTRAVL;FARE;GASPRICE;INCOME;POP;DENSITY;LANDAREA
2073;0.8;0.88;17293;537.1;4099;131
2136.1;0.8;1.03;17768;787;9798;80.3
1878.8;0.6;0.91;17823;587.1;12438;47.2
937.5;1;0.91;15163;338;8070;41.8
7343.3;0.5;0.97;17480;3090;13547;228.1
837.9;0.8;0.88;15329;399;5110;78.1
1648;1;0.91;16141;561.8;7110;79
739.1;0.8;0.89;15326;585.1;3234;180.9
1070.7;1.5;0.89;17115;1142.4;3431;333
274.6;1.5;0.89;17117;486.5;2027;240.2
312.9;0.8;0.87;16127;198.7;4113;48.4
1879.1;1;0.94;17242;549.8;4975;110.6
1941;0.6;0.99;17340;1253;8913;135.6
2317.6;1.5;0.87;15108;1603;2885;556.4
471.4;1.1;0.93;15809;741.2;2105;352
594.3;0.7;0.79;16321;490.4;1551;316.3
7632.9;0.6;0.93;18027;3478.9;7486;464.7
510.1;0.6;0.93;18023;423.3;8508;49.8
630.6;0.6;0.93;12349;304;4997;60
1650.9;1;1.03;17886;377.2;10994;34.3
1618.3;0.5;0.86;16537;664;6702;95.8
2009.8;1.1;0.96;13019;368;6714;55.1
1562.4;1.1;0.96;13019;265;5144;52.4
1139.4;0.6;0.88;13130;572;2832;199.4
13103;1;1;20513;7323.3;24288;301.5
3739.6;1.4;0.92;17409;1760.2;12944;136
525.7;0.8;0.91;15944;991.6;3059;324
2385.8;1;0.89;15207;396.6;8147;55.4
1698.5;1.1;0.93;15409;387;3751;103.3
544;1;0.87;17743;167;8309;18.9
1769.1;0.8;0.81;16309;495.9;8077;61.4
1065;0.5;0.85;15092;794;2318;262.7
803.1;1.3;0.98;18014;1027.2;3208;320
1616.7;0.8;0.9;21886;753.6;16240;46.4
146.5;0.8;0.9;20744;376;6988;53.9
18.1;0.8;0.9;21313;698.1;4422;158
2056.1;1;0.88;17539;548.3;3790;144.6
470.1;0.8;0.92;17633;295.7;3497;84.4
242.5;0.8;0.92;17643;259.8;4675;55.5
3933.5;0.6;0.96;15522;693.6;11068;62.7
