foodexp;income
255.8394245946;420.1576508439
310.9586670591;541.4117067212
485.6800141711;901.1574566517
402.9973555442;639.0802286888
495.5607749338;750.8756058285
633.7978151324;945.7989310482
630.7565677052;829.3978868472
700.440904266;979.1648358379
830.9586215054;1309.8789403783
815.3602172905;1492.3987443743
338.0013873296;502.8389802181
412.3613384286;616.7168472423
520.0006179811;790.9225112915
452.4014729073;555.8786416431
512.7200578369;713.4411836842
658.8395303036;838.7561327226
392.599496749;535.0766459004
443.5586337996;596.4408053599
640.1163777134;924.5618965822
333.8393869757;487.758301818
466.9583185288;692.6397342385
543.3969042632;997.8769778242
317.7198437565;506.9994911795
424.3208963526;654.1587114018
518.9616560534;933.9192701834
338.0013873296;433.681329252
419.6411746314;587.5962133417
476.3200489336;896.4746356438
386.3601633101;454.4782237825
423.2783498056;584.9989193704
503.3571711902;800.7990166174
354.6388685453;502.4368698995
497.318168829;713.5196665308
588.5194639587;906.0006287253
654.5971445971;880.5969237863
550.727427598;796.8289193685
528.3769767143;854.8790526144
640.4813480554;1167.3715942703
401.3203555466;523.8000355798
435.9990219009;670.7791854331
276.5606096458;377.0583688501
588.348818059;851.5430017483
664.1978022039;1121.0936936514
444.8601664108;625.5179334003
462.8995148638;805.537696174
377.779238546;558.581201465
553.1504356164;884.4004873193
810.8961547614;1257.4988657683
1067.9540561407;2051.178940999
1049.8787916873;1466.332992146
522.7012096761;730.0988967744
572.0806626177;800.7990166174
907.3969445808;1245.6963876097
811.5775936957;1201.000213682
427.797520201;634.4002091486
649.9984641235;956.2314631388
860.6001545599;1148.6010470296
1143.4210858283;1768.823649822
2032.6791902083;2822.5330346661
590.61832701;922.354832142
1570.3911383171;2293.1919714424
483.4800246617;627.4725970421
600.4803990871;889.9808983787
696.2021057455;1162.1999539292
774.7961790578;1197.0793570775
390.5984303995;530.7971854627
612.5619008962;1142.1525925671
708.7621515932;1088.0038869785
296.9191857724;484.6611563165
1071.4626964694;1536.0201006766
496.5975800373;678.8973921413
503.3974413747;671.8801658544
357.6411108791;690.4682564772
430.3375927169;860.6948257837
624.6990413989;873.3094845963
582.5412509418;894.4598352141
580.2215422469;1148.6469919903
543.8807427842;926.8761929888
588.6371796227;839.0413582934
627.999895458;829.4974205655
712.1011742624;1264.004329578
968.3949400613;1937.9771463653
482.5815876213;698.8317414329
593.1693855815;920.419919364
1033.5657542692;1897.5711399941
693.6794734493;891.6823862983
693.6794734493;889.6783563083
761.2790658228;1221.4818111481
361.3980563389;544.5991394022
628.4522181994;1031.4491147697
771.4485644185;1462.9496721732
757.1186664479;830.4352824429
821.5969940879;975.0414666589
1022.3201704203;1337.9983399602
679.4407273601;867.6427052316
538.7491156868;725.7459337033
679.998097247;989.005606041
977.0032709597;1525.0004742118
561.2014881762;672.1960237531
728.3997466236;923.3976822016
372.3186225846;472.3215482807
361.5209525692;590.7600924196
517.9195907512;940.9217689023
459.8176509899;643.357141462
863.919851471;2551.6615137758
831.4407173001;1795.3225888279
534.7610437911;1165.7733902059
392.0502420216;815.6211743109
934.9751954441;1264.2065864509
813.3080963013;1095.4056168426
263.7099961706;447.4478524112
769.0838490211;1178.9741795492
630.5862864209;975.8022956876
645.9874006793;1017.8522000719
319.5583863495;423.8798320136
348.4518301044;558.7767391026
614.5068031634;943.2487182709
662.0095620388;1348.3002445277
1504.3707749126;2340.6173538797
406.2180157163;587.1791680988
692.1688993212;1540.9740569901
588.137050605;1115.8480748196
511.2608859796;1044.6842859043
700.5599893417;1389.7928691209
1301.1450975458;2497.7859538386
879.0660174137;1585.3809429675
912.8850782502;1862.0438360235
1509.7811718462;2008.8546243469
484.0605489362;697.3099475945
399.670317095;571.2517467661
444.1001055634;598.3464894792
248.8101112222;461.0977225347
527.801359578;977.1107472306
500.6313490553;883.984916757
436.8107347406;718.3593993432
374.7990441247;543.8970594513
726.3921351012;1587.3480346816
1827.1999644396;4957.813024479
523.4910847083;969.6837622084
334.9998218387;419.9980212681
473.2008838891;561.9989603607
581.2029457057;689.5988143376
929.7539674329;1398.5202607169
591.197416678;820.8168475718
637.5482752195;875.1716162647
674.9509354443;1392.4499101674
776.7588951798;1256.3173722235
959.5169684779;1362.8590298881
1250.9643339143;1999.2552196247
737.8200793803;1209.472992106
810.6772423542;1125.0356465964
983.0008648957;1827.4009674906
708.8968291959;1014.1539529567
633.1200141584;880.3944097839
1424.804656289;2432.3909922412
830.9586215054;1177.8546859223
925.5794742336;1222.5938655042
1162.0023967299;1519.5811246893
383.4579627245;687.6637616916
621.1173292018;953.1192242747
621.1173292018;953.1192242747
621.1173292018;953.1192242747
548.600231233;939.0418059541
745.2352944561;1283.4024573073
837.800495548;1511.5788808654
795.3402416368;1342.5821280928
418.5975679361;511.7979918411
508.7974498876;689.7988269942
883.2780116234;1532.307426181
742.5275690342;1056.0808248278
242.3202019207;387.3195256327
242.3202019207;387.3195256327
266.0009818659;410.9986788442
614.7588026091;832.7554319845
385.3183978854;614.9986053006
515.6199690256;887.4658129607
708.478703426;1024.8176773555
734.2356308103;1006.4353394042
433.000983776;725.9999892372
327.4187720378;494.4173507071
429.0399336384;748.6413272516
619.640827692;987.6417196028
400.7989780532;788.0960710479
620.8006401264;831.7983136862
819.9964409959;1139.494474936
360.8780176555;507.5168944914
395.7608046128;576.1972211955
442.0000521217;696.5990540653
404.0384311315;650.8179783739
670.7993091105;949.5802074129
297.5701513364;497.1192813416
353.4881631317;570.1673989039
383.9375848793;724.7306002953
284.8008032688;408.3399343765
431.0999647562;638.6713481982
801.3517586129;1225.7890033342
448.4512589964;715.3700777152
577.9110707493;800.4707563185
570.5210123001;975.5973987204
865.3205358784;1613.7565483512
444.557764326;608.5018787907
680.4198267899;958.66337828
576.2778944535;835.942641429
631.7981751317;873.7375111017
608.6418503189;951.4432097653
300.9999203106;473.0021812483
377.9984140591;601.0030443521
397.0014765699;713.9978848927
588.5194639587;829.2983650722
681.7615750368;959.7952687504
807.3602701002;1212.9612950684
696.8010970858;958.8743074245
811.1962418514;1129.4431470227
1305.720141343;1943.0418733108
442.0000521217;539.6387855034
353.6012974444;463.5990211256
468.0007975112;562.6400045013
526.7573467998;736.7583830708
890.2390302665;1415.4460640343
1318.8032822367;2208.7897056555
331.0005377506;636.0009137163
416.4015253839;759.4010268631
596.8405546006;1078.838199619
408.4992180092;499.7510128041
775.020902533;1020.0225358451
1138.1620460232;1595.1610788589
485.5197662088;776.5957929381
772.7611423531;1230.9235250425
993.9630172714;1807.9520145954
305.4389737302;415.4407479854
306.5190785709;440.5174241564
299.1993279675;541.2005973246
468.0007975112;581.3598916878
522.6019058805;743.0772427895
750.3201634192;1057.6767114645
