OBS,DISTANCIA,EDAD,RENTA,HIJOS
1,902,26,41,0
2,491,38,31,3
3,1841,40,87,2
4,406,48,54,4
5,0,43,77,4
6,1899,55,70,2
7,724,24,43,0
8,1404,39,40,0
9,1367,55,69,2
10,560,29,38,2
11,1676,42,89,3
12,1376,50,65,3
13,1059,45,69,3
14,924,42,68,0
15,1382,59,59,3
16,700,54,70,3
17,254,32,47,2
18,808,46,60,3
19,938,32,80,1
20,1337,46,54,2
21,471,36,98,3
22,1426,26,84,0
23,1250,40,80,4
24,1077,51,57,3
25,660,49,27,0
26,1091,41,80,3
27,433,50,48,2
28,1135,48,51,2
29,915,59,78,3
30,2086,43,85,1
31,1454,33,71,2
32,844,32,56,2
33,1283,42,50,3
34,959,52,79,2
35,1383,33,62,1
36,1485,45,62,0
37,615,53,49,4
38,657,26,57,1
39,728,47,66,1
40,421,43,59,2
41,647,23,44,0
42,870,58,53,2
43,249,42,88,1
44,535,38,72,1
45,1265,33,56,1
46,1601,45,80,4
47,1513,30,82,2
48,1175,56,45,3
49,464,37,41,3
50,1115,55,44,2
51,701,35,55,2
52,1034,45,66,3
53,1820,48,91,0
54,1185,41,81,2
55,0,29,71,0
56,1288,32,60,1
57,1682,44,78,0
58,772,41,101,3
59,1419,58,92,3
60,1670,48,69,2
61,846,52,63,2
62,811,37,83,0
63,59,32,34,3
64,1311,49,61,2
65,61,26,44,1
66,1342,32,70,1
67,1863,44,65,4
68,1600,47,62,1
69,811,48,40,3
70,779,43,49,1
71,1849,51,84,1
72,1412,46,69,0
73,957,43,51,0
74,583,42,32,3
75,573,49,51,0
76,748,36,40,1
77,881,54,61,2
78,1698,54,92,3
79,1323,52,72,0
80,465,38,44,0
81,670,37,51,0
82,169,30,51,0
83,1888,42,72,1
84,594,37,82,2
85,1932,48,95,0
86,1534,44,45,0
87,2354,38,86,1
88,1045,50,75,0
89,702,34,53,2
90,1786,30,78,0
91,766,35,34,1
92,1055,40,52,1
93,155,39,59,3
94,504,31,51,0
95,1640,49,79,0
96,98,36,28,4
97,430,28,57,1
98,624,33,49,3
99,0,38,67,3
100,1034,34,52,0
101,956,46,81,1
102,1459,54,82,3
103,2185,55,76,3
104,926,56,44,2
105,0,35,67,1
106,863,36,50,2
107,980,42,62,3
108,939,52,43,0
109,696,52,86,3
110,1583,53,51,1
111,1757,42,71,0
112,1057,58,89,2
113,1341,52,74,2
114,841,42,56,1
115,1056,49,61,0
116,482,42,63,1
117,1151,51,57,0
118,890,49,56,0
119,100,40,39,3
120,1284,23,99,0
121,1100,52,54,2
122,537,33,55,0
123,881,29,62,0
124,1662,48,76,0
125,441,38,22,1
126,535,57,90,2
127,1623,50,85,1
128,1580,57,82,2
129,773,31,53,1
130,1722,39,67,0
131,792,23,52,0
132,1031,41,73,3
133,1957,34,73,2
134,479,35,49,2
135,1239,55,78,3
136,1154,45,65,1
137,1630,51,97,3
138,2609,32,84,3
139,1647,50,67,3
140,603,31,69,2
141,716,53,51,3
142,986,48,79,2
143,747,46,60,4
144,493,37,50,0
145,1581,52,59,0
146,358,31,95,1
147,552,55,52,3
148,1183,59,49,3
149,1200,24,58,0
150,2464,38,119,3
151,647,54,63,2
152,1135,54,69,3
153,498,31,60,2
154,553,49,25,1
155,1250,45,59,3
156,1007,42,48,3
157,742,51,61,0
158,1316,34,59,3
159,867,35,42,2
160,2327,42,85,1
161,914,33,43,0
162,1444,47,51,2
163,0,46,84,4
164,2211,52,100,0
165,201,26,19,1
166,806,50,46,2
167,867,41,39,4
168,1731,32,62,1
169,480,28,31,0
170,1060,56,38,4
171,586,36,51,3
172,853,34,74,0
173,1558,53,101,3
174,864,52,74,2
175,1496,43,93,1
176,1450,57,74,4
177,1654,50,101,3
178,1740,51,68,1
179,770,32,48,0
180,0,30,53,1
181,1093,49,68,3
182,2053,46,103,0
183,2474,55,82,1
184,1873,50,96,2
185,1012,27,55,1
186,1121,51,86,0
187,674,46,56,2
188,1080,36,62,1
189,1893,53,92,2
190,1374,50,66,1
191,734,47,83,3
192,1695,41,87,1
193,1552,50,53,2
194,290,24,51,0
195,841,51,56,2
196,330,35,52,1
197,1301,55,69,2
198,999,54,51,3
199,1467,38,63,0
200,764,28,39,0
